{"val_loss": 0.1307765984821344, "val_acc": 0.9694189602446484}